{"AjHE/56+tYQ4/2Uvche2gw==":"3052-vxod-v-prudik-2000x1125.jpg","GalHUdzZ9nrhxupDYIJX9w==":"dji-5-2000x1125.jpg","zksEEq2qj7Vyzgd0wVVIBA==":"pixelpilot.ru-512x230.png","PkDHpmcjP6ULXGgDsMc6Eg==":"dji_0307-pano-1874x2000.jpg","qEHrCABA567gHImsnEipGQ==":"d12-1556x1448.jpg","gjZeBN9VmanmnShKhU7atA==":"dji-32-1920x1080.jpg","yvuU+KoZnImK9WE63mjh9Q==":"dji-2-1920x1093.jpg","zeefMo+fgsMKg65SdhavYw==":"dji-4-1920x1080.jpg","cEqD5A5Bt6+XUzljSoKKRg==":"dji-5-1920x1080.jpg","Wo7lfqbnv+PUnY7J9/CIcg==":"dji-6-1920x1079.jpg","HcyaAY2LLC259sfJUDfM5w==":"dji-10-1920x1080.jpg","AvEudG9pml9c37PYAzcJQw==":"dji-35-1920x1080.jpg","BxghvhTjqXmJwzigD25L1g==":"dji-36-1920x1080.jpg","1yOJaTHCwILpvkyrbO9GgA==":"dji-2-1920x1080.jpg","AcXlnnul0/FdMqFVDmszLg==":"pixelpilot.ru-1-512x230.png","iNSB9am5gZ3dlkL4JAgVtA==":"pixelpilot.ru-2-512x230.png"}